<?xml version="1.0" encoding="UTF-8"?>
<beans xmlns:xsi="http://www.w3.org/2001/XMLSchema-instance"
	xmlns:context="http://www.springframework.org/schema/context"
	xmlns="http://www.springframework.org/schema/beans"
	xmlns:mvc="http://www.springframework.org/schema/mvc"
	xsi:schemaLocation="http://www.springframework.org/schema/context  
                        http://www.springframework.org/schema/context/spring-context.xsd  
				        http://www.springframework.org/schema/beans  
                        http://www.springframework.org/schema/beans/spring-beans.xsd
                        http://www.springframework.org/schema/mvc  
                        http://www.springframework.org/schema/mvc/spring-mvc.xsd">


	<!-- 配置mvc注解扫描范围 -->
	<context:component-scan base-package="com.controller" />
	
	<!-- 使用mvc注解 -->
	<mvc:annotation-driven />

	<!-- 处理静态资源 -->	
	<mvc:default-servlet-handler />


	<!-- 配置拦截器 -->
	<mvc:interceptors>
		<mvc:interceptor><!-- 配置登陆拦截器 -->
			<mvc:mapping path="/admin/**"/>
			<bean class="com.controller.AdminInterceptor"/>
		</mvc:interceptor>
	</mvc:interceptors>


	<!-- 配置多媒体文件解析器 用于文件上传 -->
	<bean id="multipartResolver" class="org.springframework.web.multipart.commons.CommonsMultipartResolver">
		<!-- 设置上传文件的最大尺寸为5MB -->
		<property name="maxUploadSize" value="5242880" />
		<property name="defaultEncoding" value="utf-8" />
	</bean>


</beans>